{
    "change_filament_gcode": "PAUSE",
    "from": "User",
    "gcode_flavor": "klipper",
    "inherits": "Creality Ender-3 V3 SE 0.4 nozzle",
    "is_custom_defined": "0",
    "machine_end_gcode": "END_PRINT",
    "machine_max_acceleration_extruding": [
        "3200",
        "5000"
    ],
    "machine_max_acceleration_retracting": [
        "1600",
        "2500"
    ],
    "machine_max_acceleration_travel": [
        "3200",
        "5000"
    ],
    "machine_max_acceleration_x": [
        "3200",
        "5000"
    ],
    "machine_max_acceleration_y": [
        "3200",
        "5000"
    ],
    "machine_max_acceleration_z": [
        "320",
        "500"
    ],
    "machine_max_speed_e": [
        "65",
        "100"
    ],
    "machine_max_speed_x": [
        "320",
        "500"
    ],
    "machine_max_speed_y": [
        "320",
        "500"
    ],
    "machine_max_speed_z": [
        "20",
        "30"
    ],
    "machine_pause_gcode": "PAUSE",
    "machine_start_gcode": "; generated by SuperSlicer 1.5.0 on [year]-[month]-[day] at [hour]:[minute]:[second]\n\nSTART_PRINT EXTRUDER_TEMP=[first_layer_temperature] BED_TEMP=[first_layer_bed_temperature] AREA_START={first_layer_print_min[0]},{first_layer_print_min[1]} AREA_END={first_layer_print_max[0]},{first_layer_print_max[1]}",
    "name": "Creality Ender-3 - MANTA - 0.4 nozzle",
    "nozzle_type": "hardened_steel",
    "print_host": "manta.local",
    "printable_area": [
        "0x0",
        "230x0",
        "230x220",
        "0x220"
    ],
    "printable_height": "230",
    "printer_notes": "use ratio calculator to calculate the ratio where the max accelaration is 3200\n\nhttps://jsfiddle.net/kaziridwan/3ybdjg7f/5/",
    "printer_settings_id": "Creality Ender-3 - MANTA - 0.4 nozzle",
    "retract_restart_extra_toolchange": [
        "1"
    ],
    "retraction_length": [
        "0.5"
    ],
    "retraction_minimum_travel": [
        "1"
    ],
    "thumbnails": "32x32/PNG, 400x300/PNG",
    "time_cost": "0.36",
    "version": "1.9.0.2",
    "z_hop": [
        "1"
    ],
    "z_hop_types": [
        "Auto Lift"
    ]
}
