{
    "default_filament_colour": [
        "#77767B"
    ],
    "fan_min_speed": [
        "10"
    ],
    "filament_flow_ratio": [
        "1"
    ],
    "filament_settings_id": [
        "SUNLU PLA+"
    ],
    "from": "User",
    "full_fan_speed_layer": [
        "2"
    ],
    "hot_plate_temp": [
        "60"
    ],
    "hot_plate_temp_initial_layer": [
        "60"
    ],
    "inherits": "Creality Generic PLA @Ender-3V3-all",
    "is_custom_defined": "0",
    "name": "SUNLU PLA+",
    "nozzle_temperature": [
        "200"
    ],
    "nozzle_temperature_initial_layer": [
        "200"
    ],
    "support_material_interface_fan_speed": [
        "100"
    ],
    "version": "1.9.0.2"
}
