{
    "bottom_shell_layers": "2",
    "exclude_object": "1",
    "from": "User",
    "inherits": "0.20mm Standard @Creality Ender3V3SE",
    "internal_solid_infill_speed": "150",
    "is_custom_defined": "0",
    "name": "0.20mm Standard - MANTA",
    "print_settings_id": "0.20mm Standard - MANTA",
    "skirt_height": "1",
    "skirt_loops": "4",
    "slow_down_layers": "1",
    "slowdown_for_curled_perimeters": "1",
    "sparse_infill_speed": "90",
    "top_shell_layers": "2",
    "top_shell_thickness": "0",
    "version": "1.9.0.2",
    "wipe_before_external_loop": "1",
    "wipe_on_loops": "1"
}
